fold,access_control,arithmetic,denial_service,front_running,reentrancy,time_manipulation,unchecked_low_calls
f1,0.852234,0.884018,0.881657,0.874743,0.875912,0.797203,0.824903
auc-roc,0.852853,0.880922,0.876529,0.868575,0.861853,0.795294,0.81462
auc-roc-th,0.931541,0.948329,0.944477,0.944786,0.93323,0.911622,0.909027
precision,0.843537,0.878403,0.832402,0.865854,0.836237,0.703704,0.751773
recall,0.861111,0.889706,0.937107,0.883817,0.91954,0.919355,0.913793
accuracy,0.85274,0.881086,0.875776,0.869099,0.864271,0.785185,0.811715
size,148/292,524/1068,163/322,225/466,240/501,73/135,123/239
