fold,access_control,arithmetic,denial_service,front_running,reentrancy,time_manipulation,unchecked_low_calls
f1,0.886731,0.902299,0.902439,0.877273,0.878661,0.860927,0.817391
auc-roc,0.879505,0.904391,0.900529,0.883246,0.88386,0.840367,0.826079
auc-roc-th,0.941254,0.965545,0.947486,0.951498,0.946544,0.92996,0.926969
precision,0.850932,0.905769,0.89697,0.897674,0.882353,0.833333,0.878505
recall,0.925676,0.898855,0.907975,0.857778,0.875,0.890411,0.764228
accuracy,0.880137,0.904494,0.900621,0.88412,0.884232,0.844444,0.824268
size,148/292,524/1068,163/322,225/466,240/501,73/135,123/239
