fold,access_control,arithmetic,denial_service,front_running,reentrancy,time_manipulation,unchecked_low_calls
f1,0.705882,0.889925,0.663697,0.686347,0.655509,0.789809,0.673333
auc-roc,0.709178,0.889895,0.526238,0.641549,0.525982,0.747238,0.582983
auc-roc-th,0.770458,0.959326,0.602539,0.70225,0.69193,0.81551,0.649811
precision,0.723404,0.870438,0.520979,0.586751,0.492662,0.738095,0.570621
recall,0.689189,0.910305,0.91411,0.826667,0.979167,0.849315,0.821138
accuracy,0.708904,0.889513,0.531056,0.635193,0.506986,0.755556,0.589958
size,148/292,524/1068,163/322,225/466,240/501,73/135,123/239
