fold,access_control,arithmetic,denial_service,front_running,reentrancy,time_manipulation,unchecked_low_calls
f1,0.697802,0.745275,0.622449,0.668874,0.650165,0.601156,0.628975
auc-roc,0.626783,0.734522,0.543157,0.561309,0.569061,0.515245,0.566548
auc-roc-th,0.688157,0.802997,0.560867,0.621982,0.585656,0.55148,0.579338
precision,0.577273,0.730159,0.523605,0.556474,0.571014,0.468468,0.532934
recall,0.881944,0.761029,0.767296,0.838174,0.754789,0.83871,0.767241
accuracy,0.623288,0.735019,0.540373,0.570815,0.576846,0.488889,0.560669
size,144/292,544/1068,159/322,241/466,261/501,62/135,116/239
