fold,access_control,arithmetic,denial_service,front_running,reentrancy,time_manipulation,unchecked_low_calls
f1,0.807692,0.801484,0.760736,0.771134,0.778828,0.675497,0.714286
auc-roc,0.795608,0.799731,0.758035,0.7613,0.765469,0.651016,0.715973
auc-roc-th,0.838448,0.8752,0.848478,0.847875,0.829398,0.712771,0.802635
precision,0.75,0.808989,0.742515,0.766393,0.768657,0.573034,0.696721
recall,0.875,0.794118,0.779874,0.775934,0.789272,0.822581,0.732759
accuracy,0.794521,0.799625,0.757764,0.761803,0.766467,0.637037,0.715481
size,144/292,544/1068,159/322,241/466,261/501,62/135,116/239
